{
  "train_micro_f1": 0.8558839479392625,
  "train_macro_f1": 0.7111160619749158,
  "test_micro_f1": 0.7646586345381526,
  "test_macro_f1": 0.45528165089480893,
  "n_classes": 9,
  "n_train": 9820,
  "n_test": 2456
}